<?xml version="1.0" encoding="UTF-8"?>
<project-private xmlns="http://www.netbeans.org/ns/project-private/1">
    <editor-bookmarks xmlns="http://www.netbeans.org/ns/editor-bookmarks/2" lastBookmarkId="0"/>
    <open-files xmlns="http://www.netbeans.org/ns/projectui-open-files/2">
        <group>
            <file>file:/C:/Users/Yee%20Jet%20Tan/Desktop/L6Q2/src/l6q2/StudentList.java</file>
            <file>file:/C:/Users/Yee%20Jet%20Tan/Desktop/L6Q2/src/l6q2/Node.java</file>
            <file>file:/C:/Users/Yee%20Jet%20Tan/Desktop/L6Q2/src/l6q2/TestStudentList.java</file>
        </group>
    </open-files>
</project-private>
